이름,가격,리뷰수,구매수
독거미 그레이V4축 AULA F87 PRO 무선 게이밍 기계식 키보드 핫스왑/트라이 모드/4000mAh,43300,8,98
드렁크디어 DrunkDeer A75 PRO 래피드 트리거 자석축 게이밍 키보드,135500,0,12
GK787SE OfficeMaster 저소음 윤활 기계식 키보드 뽀송 (Shark스위치/리니어) (8K/딥블루 뽀송_38g),89900,92,475
독거미 옐로우V3축 AULA F87 PRO 무선 게이밍 기계식 키보드 핫스왑/트라이 모드/4000mAh,47500,11,82
독거미 황축V3 AULA F99 무선 게이밍 기계식 키보드 핫스왑/99키/8000mAh /Gasket구조,54500,26,107
AULA F87 pro 독거미 아우라 기계식 키보드 무선 블루투스 V3 옐로우축 8000mAh 그레이축 재고보유,46680,592,3364
앱코 K515 측면RGB 게이밍 기계식 키보드 화이트 적축,29900,24,542
국내정발 독거미 키보드 F98 AULA 풀윤활 유무선 영문 화이트블루퍼플 경해축,69800,0,8
삼성전자 SPA-JKA1BUB 유선키보드 USB연결방식 키스킨제공,16900,340,23162
로지텍 코리아 SIGNATURE K855 무선 블루투스 기계식 키보드(적축),99000,49,295
지클릭커 슈퍼히어로 GK-K530 레인보우 게이밍 기계식 키보드 블랙 적축 (포토리뷰 이벤트),24300,11,63
AG0301 유선 텐키리스 기계식 적축 게이밍 키보드,59900,154,991
LED 게이밍 기계식 키보드 AG0302 USB 적축 리니어 ABS 이중사출 키캡,59900,331,1208
지클릭커 슈퍼히어로 GK-K530 레인보우 게이밍 기계식 키보드 블랙 적축 (포토리뷰 이벤트),24300,11,63
지클릭커 슈퍼히어로 GK-K540 크리스탈 투명 게이밍 기계식 키보드 화이트 적축 (포토리뷰 이벤트),34300,3,7
로지텍 유선 키보드 K120 NEW 블랙 (USB),17600,215,3208
드렁크디어 DrunkDeer A75 PRO 래피드 트리거 자석축 게이밍 키보드,134900,2,11
독거미 측면각인 다크그레이 AULA F87 PRO 무선 게이밍 기계식 키보드 핫스왑/트라이 모드/8000mAh,47500,13,93
SPM PL87A PBT 바다소금 텐키리스 게이밍 기계식 키보드,49900,12,68
삼성전자 컴퓨터 USB 유선 키보드 게이밍 SKG-3000UB,25900,115,12259
지클릭커 슈퍼히어로 GK-K530 레인보우 게이밍 기계식 키보드 화이트 적축 (포토리뷰 이벤트),24300,4,21
(K)덱프랑슘 거북선 한산 화이트에디션 PBT 넌LED CBL-87XNW(저소음 적축),187900,1,2
에이투 키3 사무용 사무실 기계식 키보드 저소음백축 풀윤활스위치 LED모드 가스켓 매크로 맥 호환 KEY3,89900,21,21
AULA F99 올리비아 유무선 기계식 키보드 화이트 저소음피치축 한글 국내정품,74000,1,7
로지텍 코리아 SIGNATURE K650 무선 블루투스 키보드,59900,42,713
darkFlash GD108 유무선 기계식 별빛 파랑 (황축),58000,0,4
삼성전자 SPA-JKA1BUB 유선키보드 USB연결방식 키스킨제공,16900,340,23162
로지텍 무선키보드(K270)-K270,33000,0,24
휴대용 무선 블루투스 키보드 폴더 3단 접이식,34900,252,33292
앱코 K515 측면RGB 게이밍 기계식 키보드 블랙 청축,29900,11,265
미키마우스 멀티페어링 무선 블루투스 키보드 (저소음 태블릿거치대 포토카드홀더),29800,0,7
4단 접이식 휴대용 무선 블루투스 미니 키보드 저소음 키패드 아이패드 호환,37900,118,4509
(현대hmall) 로지텍코리아 K380S 블루투스 키보드,39900,57,339
K640 축교환 LED 게이밍 기계식 키보드  후기이벤트,39000,26,385
로지텍 무선키보드(K270)-K270,33000,0,24
삼성전자 SKG-3000UB 유선 삼성키보드 USB연결방식,16900,151,8926
아이존아이앤디 EZ WTK6 무선 트랙볼 키보드,27750,3,11
(MS공식스토어) Surface Pro 시그니처 타입커버 + 슬림펜2 사파이어 (8X6-00113),242200,10,54
앱코 K560 게이밍 기계식 키보드 적축,27900,25,249
삼성 SK-M1100B 유선 미니 키보드,19900,38,1467
삼성전자 SPA-KKA1BUW 유선키보드 키스킨포함 USB타입,20400,30,424
키크론 V5 노브 프로스트 반투명 블랙 청축 커스텀 기계식 키보드,164000,1,2
레트로 풀배열 블루투스 기계식 키보드 게이트론 갈축 B705BWG (블랙) 타자기 감성 멀티페어링 무선,139000,0,2
하이퍼엑스 알로이 오리진스 코어 RGB 적축 기계식 게이밍 키보드/한글 키캡,139000,17,122
씽크웨이 x VGN TV99  유무선 99배열 기계식 키보드 노스텔지어 그린 오로라 아이스크림,143000,6,23
다얼유 A87 PRO 8K 유선 게이밍 기계식 키보드 (레트로베이지 스노우축),139000,1,11
덱키보드 덱거북선 한산 프랑슘 텐키리스 키보드 저소음적축,174730,0,6
LOFREE 로우 프로파일 핫스왑 기계식 게이밍 키보드 블루투스 지원 로프리 무선 84키 OE915,139000,14,60
블루투스 휴대용 무선키보드 3채널 멀티페어링 N패드 라이트,14900,194,3259
유선 기계식키보드 적축 백라이트 게이밍 SK-C1200RB,49900,19,75
AULA F99 독거미 공식 수입 정품 유무선 기계식 키보드 한글 블랙 저소음피치,74000,2,21
SPA-NKG1CUB LED 화이트 기계식키보드 청축,49900,56,216
DARKFLASH GD108 유무선 기계식 키보드 별빛 파랑 (황축),72500,0,2
로지텍 코리아 K120 New 정품 키보드 (밀알),9800,154,1332
(현대hmall) 로지텍코리아 로지텍 MK470 슬림 무선 콤보 (시크블랙/퓨어화이트/로즈),67180,7,108
토체티 BW 유무선 키보드 다크그레이 저소음적축 텐키리스,99000,5,28
한성 GK787SE OfficeMaster 기계식 키보드 뽀송 (모카 코코아 38g),116250,2,1
국내정발 독거미 키보드 F75 아우라 AULA 풀윤활 가스켓 유무선 키보드 그린 오테뮤 피치축 V2,54800,2,4
AULA F99 독거미 유무선 기계식 키보드 한글 (올리비아 화이트) 황축V3/옐로우축,69000,2,3
(빠른직구) Keychron Q11 노브 커스텀 기계식 키보드 적축 갈축 분리형 키보드,182900,2,17
키보드 USB PS2 유선 게이밍 컴퓨터 노트북 PC 맥스틸,7900,306,50447
로켓 마그마 미니 유선 키보드,63050,0,0
8BitDo 무선 기계식 게이밍 키보드 레트로 메카니컬 키보드 87키 듀얼 슈퍼버튼 포함 2.4G 블부투스연결지원,85500,10,48
BT21 멀티페어링 블루투스 무선 키보드 미니니-타타,19900,19,183
지클릭커 레트로 레드 SPK 100 저소음 무선 블루투스 기계식 키보드 (포토리뷰 이벤트),57000,7,34
로지텍 MK345 (정품) 무선 키보드 마우스 세트 로지텍 로지텍 MK345 (정품) 무선 키보드 마우스 세트 로지텍,37820,86,1229
SPA-KKA2GBB 블루투스5.0 미니 키보드,29000,65,703
K380 무선 블루투스 아이패드 키보드 라벤더 로지텍코리아,39900,32,280
로지텍 정품 K380 블루투스 키보드 4가지색상 K380S+투명키스킨세트,39900,58,1810
COX CK01 TKL 텐키리스 기계식 게이밍 키보드 갈축,36100,0,10
X500RB 블루투스 무선 키보드,29800,4,14
AULA F87 PRO 무선 기계식 키보드 87키 핫스왑 게이밍 키보드 3가지모드 그레이축V4,48900,13,44
로지텍 코리아 K270 무선 키보드,29900,29,696
로지텍코리아 로지텍 K380S 무선 블루투스 키보드,39180,2,28
키트 키캡 스위치용 16 색상 Geekark PBT MX 선택 1 가지 세트 프로필 체리 염료 보충 다채로운 키캡 승화,30880,0,2
MK321BT 3 키 미니 맞춤형 키보드 기계식 블루 스위치 USB + BT 듀얼 모드 연결 사무실 게임 멀티미디어,23260,0,3
ABKO K560 축교환 레인보우 무빙 LED 키보드 (청축),27900,3,15
COX CK01 TKL 텐키리스 게이밍 기계식 키보드,34000,51,516
컴퓨터 유선 키보드 SPA-JKA1BUB 블랙 (USB),27900,40,873
MK321BT 3 키 미니 맞춤형 키보드 기계식 블루 스위치 USB + 블루투스 듀얼 모드 연결 사무실 게임 멀티,23550,0,4
NEW 레트로 미니 블루투스 멀티페어링 키보드 B303,38900,32,504
SLIM 접이식 스마트폰 미니 무선 블루투스 키보드,18500,3,217
지클릭커 오피스프로 저소음 슬림 무선 키보드 WK10 실버화이트 (포토리뷰 이벤트),16400,3,14
지클릭커 오피스프로 저소음 슬림 무선 키보드 WK10,16400,5,11
베이직 블루투스무선키보드 스마트폰 태블릿 KB1352BT,16900,23,4306
키크론 Q60 MAX 레트로 RGB 적축 미니 커스텀 핫스왑 기계식 키보드,283650,0,1
레이저 코리아 헌츠맨 V3 프로 TKL US 키보드 래피드 트리거 2세대 아날로그 스위치 텐키리스,329000,1,1
